CompanyName, CompanyNumber,RegAddress.CareOf,RegAddress.POBox,RegAddress.AddressLine1, RegAddress.AddressLine2,RegAddress.PostTown,RegAddress.County,RegAddress.Country,RegAddress.PostCode,CompanyCategory,CompanyStatus,CountryOfOrigin,DissolutionDate,IncorporationDate,Accounts.AccountRefDay,Accounts.AccountRefMonth,Accounts.NextDueDate,Accounts.LastMadeUpDate,Accounts.AccountCategory,Returns.NextDueDate,Returns.LastMadeUpDate,Mortgages.NumMortCharges,Mortgages.NumMortOutstanding,Mortgages.NumMortPartSatisfied,Mortgages.NumMortSatisfied,SICCode.SicText_1,SICCode.SicText_2,SICCode.SicText_3,SICCode.SicText_4,LimitedPartnerships.NumGenPartners,LimitedPartnerships.NumLimPartners,URI,PreviousName_1.CONDATE, PreviousName_1.CompanyName, PreviousName_2.CONDATE, PreviousName_2.CompanyName,PreviousName_3.CONDATE, PreviousName_3.CompanyName,PreviousName_4.CONDATE, PreviousName_4.CompanyName,PreviousName_5.CONDATE, PreviousName_5.CompanyName,PreviousName_6.CONDATE, PreviousName_6.CompanyName,PreviousName_7.CONDATE, PreviousName_7.CompanyName,PreviousName_8.CONDATE, PreviousName_8.CompanyName,PreviousName_9.CONDATE, PreviousName_9.CompanyName,PreviousName_10.CONDATE, PreviousName_10.CompanyName
"(DBA) TECHNICAL SERVICES LIMITED","04032347","","","NEW CONNEXION HOUSE 2 MARSH LANE","SHEPLEY","HUDDERSFIELD","WEST YORKSHIRE","ENGLAND","HD8 8AE","Private Limited Company","Active","United Kingdom","","12/07/2000","31","12","30/09/2012","31/12/2010","TOTAL EXEMPTION SMALL","09/08/2012","12/07/2011","0","0","0","0","7512 - Regulation health, education, etc.","","","","0","0","http://business.data.gov.uk/id/company/04032347","24/07/2000","LEAH SYSTEMS LIMITED","","","","","","","","","","","","","","","","","",""
"01 PROPERTY GROUP LTD","02586908","","","64 ST JAMES STREET","","BRIGHTON","EAST SUSSEX","ENGLAND","BN2 1PJ","Private Limited Company","Active","United Kingdom","","28/02/1991","30","6","31/03/2013","30/06/2011","TOTAL EXEMPTION SMALL","27/03/2012","28/02/2011","12","4","0","8","7032 - Manage real estate, fee or contract","","","","0","0","http://business.data.gov.uk/id/company/02586908","01/07/2009","MAIDEN CORPORATION LIMITED","","","","","","","","","","","","","","","","","",""
"01 PROPERTY INVESTMENT LTD","06291865","","","64 ST. JAMES'S STREET","","BRIGHTON","EAST SUSSEX","ENGLAND","BN2 1PJ","Private Limited Company","Active","United Kingdom","","25/06/2007","30","6","31/03/2013","30/06/2011","TOTAL EXEMPTION SMALL","23/07/2012","25/06/2011","5","5","0","0","7020 - Letting of own property","","","","0","0","http://business.data.gov.uk/id/company/06291865","26/07/2011","01 PROPERTY LTD","","","","","","","","","","","","","","","","","",""
"01 PROPERTY LETTING LTD","06289251","","","64 ST. JAMES'S STREET","","BRIGHTON","EAST SUSSEX","UNITED KINGDOM","BN2 1PJ","Private Limited Company","Active","United Kingdom","","21/06/2007","30","6","31/03/2013","30/06/2011","TOTAL EXEMPTION SMALL","19/07/2012","21/06/2011","0","0","0","0","7032 - Manage real estate, fee or contract","","","","0","0","http://business.data.gov.uk/id/company/06289251","08/03/2008","01 PROPERTY SERVICES LTD","","","","","","","","","","","","","","","","","",""
