CompanyName, CompanyNumber,RegAddress.CareOf,RegAddress.POBox,RegAddress.AddressLine1, RegAddress.AddressLine2,RegAddress.PostTown,RegAddress.County,RegAddress.Country,RegAddress.PostCode,CompanyCategory,CompanyStatus,CountryOfOrigin,DissolutionDate,IncorporationDate,Accounts.AccountRefDay,Accounts.AccountRefMonth,Accounts.NextDueDate,Accounts.LastMadeUpDate,Accounts.AccountCategory,Returns.NextDueDate,Returns.LastMadeUpDate,Mortgages.NumMortCharges,Mortgages.NumMortOutstanding,Mortgages.NumMortPartSatisfied,Mortgages.NumMortSatisfied,SICCode.SicText_1,SICCode.SicText_2,SICCode.SicText_3,SICCode.SicText_4,LimitedPartnerships.NumGenPartners,LimitedPartnerships.NumLimPartners,URI,PreviousName_1.CONDATE, PreviousName_1.CompanyName, PreviousName_2.CONDATE, PreviousName_2.CompanyName,PreviousName_3.CONDATE, PreviousName_3.CompanyName,PreviousName_4.CONDATE, PreviousName_4.CompanyName,PreviousName_5.CONDATE, PreviousName_5.CompanyName,PreviousName_6.CONDATE, PreviousName_6.CompanyName,PreviousName_7.CONDATE, PreviousName_7.CompanyName,PreviousName_8.CONDATE, PreviousName_8.CompanyName,PreviousName_9.CONDATE, PreviousName_9.CompanyName,PreviousName_10.CONDATE, PreviousName_10.CompanyName
Some Company Name,"07207239","","","64 ST JAMES'S STREET","","BRIGHTON","EAST SUSSEX","","BN2 1PJ","Private Limited Company","Active","United Kingdom","","30/03/2010","30","6","31/03/2013","30/06/2011","DORMANT","27/04/2013","30/03/2012","0","0","0","0","68100 - Buying and selling of own real estate","","","","0","0","http://business.data.gov.uk/id/company/07207239","26/07/2011","01 PROPERTY INVESTMENT LIMITED","","","","","","","","","","","","","","","","","",""
"01 PROPERTY LTD","07207239","","","64 ST JAMES'S STREET","","BRIGHTON","EAST SUSSEX","","BN2 1PJ","Private Limited Company","Active","United Kingdom","","30/03/2010","30","6","31/03/2013","30/06/2011","DORMANT","27/04/2013","30/03/2012","0","0","0","0","68100 - Buying and selling of own real estate","","","","0","0","http://business.data.gov.uk/id/company/07207239","26/07/2011","01 PROPERTY INVESTMENT LIMITED","","","","","","","","","","","","","","","","","",""
"","07207239","","","64 ST JAMES'S STREET","","BRIGHTON","EAST SUSSEX","","BN2 1PJ","Private Limited Company","Active","United Kingdom","","30/03/2010","30","6","31/03/2013","30/06/2011","DORMANT","27/04/2013","30/03/2012","0","0","0","0","68100 - Buying and selling of own real estate","","","","0","0","http://business.data.gov.uk/id/company/07207239","26/07/2011","01 PROPERTY INVESTMENT LIMITED","","","","","","","","","","","","","","","","","",""

